Workbook

Sheet README
A1: Indian Box Office Tracker
A3: How to use
A4: 1. Films tab: add each film once (title, language, release date).
A5: 2. Sources tab: list every source you pull numbers from. Mark whether you checked its terms.
A6: 3. Daily Log tab: one row per source per film per day. Fill only the blue columns (A, B, C, E, F, G, H, I).
A7: 4. Grey columns (D, J-N) are formulas. Do not overwrite them.
A8: 5. Summary tab updates automatically.
A10: Key rules
A11: - Units: all grosses are in Rs crore.
A12: - Gross Basis: never mix Net India, Gross India and Worldwide in one comparison. The flag only compares rows with the same basis.
A13: - Figure Type: use 'Trade estimate' for independent sources, 'Producer-reported' for official posters, 'Confirmed actual' for audited or distributor-confirmed numbers.
A14: - The disagreement flag compares Trade estimate rows only, for the same film, date and basis. Threshold is set on the Lists tab (default 10%).
... A21: The row for 'Example Film (delete me)' and its log entries are fictional and only show the expected format. Delete them before you start.

Sheet Daily Log
A1: Logged At | B1: Film | C1: Business Date | D1: Day No | E1: Gross (Rs cr) | F1: Gross Basis | G1: Source | H1: Figure Type | I1: Notes | J1: Trade Sources (count) | K1: Trade Max | L1: Trade Min | M1: Spread % | N1: Flag | O1: Consistency Rating
A2: 46311.875 | B2: Drishyam 3: The Conclusion | C2: 46305 | D2: =IF(OR(B2="",C2=""),"",IFERROR(C2-INDEX(Films!$C$2:$C$100,MATCH(B2,Films!$A$2:$A$100,0))+1,"")) -> 9 | E2: 18.5 | F2: Net India | G2: Sacnilk | H2: Trade estimate | I2: Weekly Top 10 tracker | J2: =IF(B2="","",COUNTIFS($B$2:$B$500,B2,$C$2:$C$500,C2,$F$2:$F$500,F2,$H$2:$H$500,"Trade estimate")) -> 3 | K2: =IF(OR(J2="",J2=0),"",_xlfn.MAXIFS($E$2:$E$500,$B$2:$B$500,B2,$C$2:$C$500,C2,$F$2:$F$500,F2,$H$2:$H$500,"Trade estimate")) -> 18.5 | L2: =IF(OR(J2="",J2=0),"",_xlfn.MINIFS($E$2:$E$500,$B$2:$B$500,B2,$C$2:$C$500,C2,$F$2:$F$500,F2,$H$2:$H$500,"Trade estimate")) -> 17.9 | M2: =IF(OR(J2="",J2<2),"",IF(L2=0,"",(K2-L2)/L2)) -> 0.033519553 | N2: =IF(B2="","",IF(J2<2,"Needs 2+ trade sources",IF(M2>Lists!$E$2,"CHECK","OK"))) -> OK | O2: =IF(B2="","",IF(J2<2,"Needs 2+ trade sources",IF(M2<=Lists!$E$6,"Good",IF(M2<=Lists!$E$2,"Moderate","Bad")))) -> Good
A3: 46311.875 | B3: Drishyam 3: The Conclusion | C3: 46305 | D3: =IF(OR(B3="",C3=""),"",IFERROR(C3-INDEX(Films!$C$2:$C$100,MATCH(B3,Films!$A$2:$A$100,0))+1,"")) -> 9 | E3: 17.9 | F3: Net India | G3: Bollywood Hungama | H3: Trade estimate | I3: Weekly Top 10 tracker | J3: =IF(B3="","",COUNTIFS($B$2:$B$500,B3,$C$2:$C$500,C3,$F$2:$F$500,F3,$H$2:$H$500,"Trade estimate")) -> 3 | K3: =IF(OR(J3="",J3=0),"",_xlfn.MAXIFS($E$2:$E$500,$B$2:$B$500,B3,$C$2:$C$500,C3,$F$2:$F$500,F3,$H$2:$H$500,"Trade estimate")) -> 18.5 | L3: =IF(OR(J3="",J3=0),"",_xlfn.MINIFS($E$2:$E$500,$B$2:$B$500,B3,$C$2:$C$500,C3,$F$2:$F$500,F3,$H$2:$H$500,"Trade estimate")) -> 17.9 | M3: =IF(OR(J3="",J3<2),"",IF(L3=0,"",(K3-L3)/L3)) -> 0.033519553 | N3: =IF(B3="","",IF(J3<2,"Needs 2+ trade sources",IF(M3>Lists!$E$2,"CHECK","OK"))) -> OK | O3: =IF(B3="","",IF(J3<2,"Needs 2+ trade sources",IF(M3<=Lists!$E$6,"Good",IF(M3<=Lists!$E$2,"Moderate","Bad")))) -> Good
A4: 46311.875 | B4: Drishyam 3: The Conclusion | C4: 46305 | D4: =IF(OR(B4="",C4=""),"",IFERROR(C4-INDEX(Films!$C$2:$C$100,MATCH(B4,Films!$A$2:$A$100,0))+1,"")) -> 9 | E4: 18.1 | F4: Net India | G4: Box Office India | H4: Trade estimate | I4: Weekly Top 10 tracker | J4: =IF(B4="","",COUNTIFS($B$2:$B$500,B4,$C$2:$C$500,C4,$F$2:$F$500,F4,$H$2:$H$500,"Trade estimate")) -> 3 | K4: =IF(OR(J4="",J4=0),"",_xlfn.MAXIFS($E$2:$E$500,$B$2:$B$500,B4,$C$2:$C$500,C4,$F$2:$F$500,F4,$H$2:$H$500,"Trade estimate")) -> 18.5 | L4: =IF(OR(J4="",J4=0),"",_xlfn.MINIFS($E$2:$E$500,$B$2:$B$500,B4,$C$2:$C$500,C4,$F$2:$F$500,F4,$H$2:$H$500,"Trade estimate")) -> 17.9 | M4: =IF(OR(J4="",J4<2),"",IF(L4=0,"",(K4-L4)/L4)) -> 0.033519553 | N4: =IF(B4="","",IF(J4<2,"Needs 2+ trade sources",IF(M4>Lists!$E$2,"CHECK","OK"))) -> OK | O4: =IF(B4="","",IF(J4<2,"Needs 2+ trade sources",IF(M4<=Lists!$E$6,"Good",IF(M4<=Lists!$E$2,"Moderate","Bad")))) -> Good
A5: 46311.875 | B5: Drishyam 3: The Conclusion | C5: 46305 | D5: =IF(OR(B5="",C5=""),"",IFERROR(C5-INDEX(Films!$C$2:$C$100,MATCH(B5,Films!$A$2:$A$100,0))+1,"")) -> 9 | E5: 20.2 | F5: Net India | G5: Producer / Official poster | H5: Producer-reported | I5: Official producer figure | J5: =IF(B5="","",COUNTIFS($B$2:$B$500,B5,$C$2:$C$500,C5,$F$2:$F$500,F5,$H$2:$H$500,"Trade estimate")) -> 3 | K5: =IF(OR(J5="",J5=0),"",_xlfn.MAXIFS($E$2:$E$500,$B$2:$B$500,B5,$C$2:$C$500,C5,$F$2:$F$500,F5,$H$2:$H$500,"Trade estimate")) -> 18.5 | L5: =IF(OR(J5="",J5=0),"",_xlfn.MINIFS($E$2:$E$500,$B$2:$B$500,B5,$C$2:$C$500,C5,$F$2:$F$500,F5,$H$2:$H$500,"Trade estimate")) -> 17.9 | M5: =IF(OR(J5="",J5<2),"",IF(L5=0,"",(K5-L5)/L5)) -> 0.033519553 | N5: =IF(B5="","",IF(J5<2,"Needs 2+ trade sources",IF(M5>Lists!$E$2,"CHECK","OK"))) -> OK | O5: =IF(B5="","",IF(J5<2,"Needs 2+ trade sources",IF(M5<=Lists!$E$6,"Good",IF(M5<=Lists!$E$2,"Moderate","Bad")))) -> Good
A6: 46311.875 | B6: Drishyam 3: The Conclusion | C6: 46306 | D6: =IF(OR(B6="",C6=""),"",IFERROR(C6-INDEX(Films!$C$2:$C$100,MATCH(B6,Films!$A$2:$A$100,0))+1,"")) -> 10 | E6: 24.2 | F6: Net India | G6: Sacnilk | H6: Trade estimate | I6: Weekly Top 10 tracker | J6: =IF(B6="","",COUNTIFS($B$2:$B$500,B6,$C$2:$C$500,C6,$F$2:$F$500,F6,$H$2:$H$500,"Trade estimate")) -> 3 | K6: =IF(OR(J6="",J6=0),"",_xlfn.MAXIFS($E$2:$E$500,$B$2:$B$500,B6,$C$2:$C$500,C6,$F$2:$F$500,F6,$H$2:$H$500,"Trade estimate")) -> 24.2 | L6: =IF(OR(J6="",J6=0),"",_xlfn.MINIFS($E$2:$E$500,$B$2:$B$500,B6,$C$2:$C$500,C6,$F$2:$F$500,F6,$H$2:$H$500,"Trade estimate")) -> 23.6 | M6: =IF(OR(J6="",J6<2),"",IF(L6=0,"",(K6-L6)/L6)) -> 0.025423729 | N6: =IF(B6="","",IF(J6<2,"Needs 2+ trade sources",IF(M6>Lists!$E$2,"CHECK","OK"))) -> OK | O6: =IF(B6="","",IF(J6<2,"Needs 2+ trade sources",IF(M6<=Lists!$E$6,"Good",IF(M6<=Lists!$E$2,"Moderate","Bad")))) -> Good
A7: 46311.875 | B7: Drishyam 3: The Conclusion | C7: 46306 | D7: =IF(OR(B7="",C7=""),"",IFERROR(C7-INDEX(Films!$C$2:$C$100,MATCH(B7,Films!$A$2:$A$100,0))+1,"")) -> 10 | E7: 23.6 | F7: Net India | G7: Bollywood Hungama | H7: Trade estimate | I7: Weekly Top 10 tracker | J7: =IF(B7="","",COUNTIFS($B$2:$B$500,B7,$C$2:$C$500,C7,$F$2:$F$500,F7,$H$2:$H$500,"Trade estimate")) -> 3 | K7: =IF(OR(J7="",J7=0),"",_xlfn.MAXIFS($E$2:$E$500,$B$2:$B$500,B7,$C$2:$C$500,C7,$F$2:$F$500,F7,$H$2:$H$500,"Trade estimate")) -> 24.2 | L7: =IF(OR(J7="",J7=0),"",_xlfn.MINIFS($E$2:$E$500,$B$2:$B$500,B7,$C$2:$C$500,C7,$F$2:$F$500,F7,$H$2:$H$500,"Trade estimate")) -> 23.6 | M7: =IF(OR(J7="",J7<2),"",IF(L7=0,"",(K7-L7)/L7)) -> 0.025423729 | N7: =IF(B7="","",IF(J7<2,"Needs 2+ trade sources",IF(M7>Lists!$E$2,"CHECK","OK"))) -> OK | O7: =IF(B7="","",IF(J7<2,"Needs 2+ trade sources",IF(M7<=Lists!$E$6,"Good",IF(M7<=Lists!$E$2,"Moderate","Bad")))) -> Good
A8: 46311.875 | B8: Drishyam 3: The Conclusion | C8: 46306 | D8: =IF(OR(B8="",C8=""),"",IFERROR(C8-INDEX(Films!$C$2:$C$100,MATCH(B8,Films!$A$2:$A$100,0))+1,"")) -> 10 | E8: 23.85 | F8: Net India | G8: Box Office India | H8: Trade estimate | I8: Weekly Top 10 tracker | J8: =IF(B8="","",COUNTIFS($B$2:$B$500,B8,$C$2:$C$500,C8,$F$2:$F$500,F8,$H$2:$H$500,"Trade estimate")) -> 3 | K8: =IF(OR(J8="",J8=0),"",_xlfn.MAXIFS($E$2:$E$500,$B$2:$B$500,B8,$C$2:$C$500,C8,$F$2:$F$500,F8,$H$2:$H$500,"Trade estimate")) -> 24.2 | L8: =IF(OR(J8="",J8=0),"",_xlfn.MINIFS($E$2:$E$500,$B$2:$B$500,B8,$C$2:$C$500,C8,$F$2:$F$500,F8,$H$2:$H$500,"Trade estimate")) -> 23.6 | M8: =IF(OR(J8="",J8<2),"",IF(L8=0,"",(K8-L8)/L8)) -> 0.025423729 | N8: =IF(B8="","",IF(J8<2,"Needs 2+ trade sources",IF(M8>Lists!$E$2,"CHECK","OK"))) -> OK | O8: =IF(B8="","",IF(J8<2,"Needs 2+ trade sources",IF(M8<=Lists!$E$6,"Good",IF(M8<=Lists!$E$2,"Moderate","Bad")))) -> Good
A9: 46311.875 | B9: Drishyam 3: The Conclusion | C9: 46306 | D9: =IF(OR(B9="",C9=""),"",IFERROR(C9-INDEX(Films!$C$2:$C$100,MATCH(B9,Films!$A$2:$A$100,0))+1,"")) -> 10 | E9: 26.5 | F9: Net India | G9: Producer / Official poster | H9: Producer-reported | I9: Official producer figure | J9: =IF(B9="","",COUNTIFS($B$2:$B$500,B9,$C$2:$C$500,C9,$F$2:$F$500,F9,$H$2:$H$500,"Trade estimate")) -> 3 | K9: =IF(OR(J9="",J9=0),"",_xlfn.MAXIFS($E$2:$E$500,$B$2:$B$500,B9,$C$2:$C$500,C9,$F$2:$F$500,F9,$H$2:$H$500,"Trade estimate")) -> 24.2 | L9: =IF(OR(J9="",J9=0),"",_xlfn.MINIFS($E$2:$E$500,$B$2:$B$500,B9,$C$2:$C$500,C9,$F$2:$F$500,F9,$H$2:$H$500,"Trade estimate")) -> 23.6 | M9: =IF(OR(J9="",J9<2),"",IF(L9=0,"",(K9-L9)/L9)) -> 0.025423729 | N9: =IF(B9="","",IF(J9<2,"Needs 2+ trade sources",IF(M9>Lists!$E$2,"CHECK","OK"))) -> OK | O9: =IF(B9="","",IF(J9<2,"Needs 2+ trade sources",IF(M9<=Lists!$E$6,"Good",IF(M9<=Lists!$E$2,"Moderate","Bad")))) -> Good
A10: 46311.875 | B10: Drishyam 3: The Conclusion | C10: 46307 | D10: =IF(OR(B10="",C10=""),"",IFERROR(C10-INDEX(Films!$C$2:$C$100,MATCH(B10,Films!$A$2:$A$100,0))+1,"")) -> 11 | E10: 11.1 | F10: Net India | G10: Sacnilk | H10: Trade estimate | I10: Weekly Top 10 tracker | J10: =IF(B10="","",COUNTIFS($B$2:$B$500,B10,$C$2:$C$500,C10,$F$2:$F$500,F10,$H$2:$H$500,"Trade estimate")) -> 3 | K10: =IF(OR(J10="",J10=0),"",_xlfn.MAXIFS($E$2:$E$500,$B$2:$B$500,B10,$C$2:$C$500,C10,$F$2:$F$500,F10,$H$2:$H$500,"Trade estimate")) -> 11.1 | L10: =IF(OR(J10="",J10=0),"",_xlfn.MINIFS($E$2:$E$500,$B$2:$B$500,B10,$C$2:$C$500,C10,$F$2:$F$500,F10,$H$2:$H$500,"Trade estimate")) -> 10.8 | M10: =IF(OR(J10="",J10<2),"",IF(L10=0,"",(K10-L10)/L10)) -> 0.027777778 | N10: =IF(B10="","",IF(J10<2,"Needs 2+ trade sources",IF(M10>Lists!$E$2,"CHECK","OK"))) -> OK | O10: =IF(B10="","",IF(J10<2,"Needs 2+ trade sources",IF(M10<=Lists!$E$6,"Good",IF(M10<=Lists!$E$2,"Moderate","Bad")))) -> Good
A11: 46311.875 | B11: Drishyam 3: The Conclusion | C11: 46307 | D11: =IF(OR(B11="",C11=""),"",IFERROR(C11-INDEX(Films!$C$2:$C$100,MATCH(B11,Films!$A$2:$A$100,0))+1,"")) -> 11 | E11: 10.8 | F11: Net India | G11: Bollywood Hungama | H11: Trade estimate | I11: Weekly Top 10 tracker | J11: =IF(B11="","",COUNTIFS($B$2:$B$500,B11,$C$2:$C$500,C11,$F$2:$F$500,F11,$H$2:$H$500,"Trade estimate")) -> 3 | K11: =IF(OR(J11="",J11=0),"",_xlfn.MAXIFS($E$2:$E$500,$B$2:$B$500,B11,$C$2:$C$500,C11,$F$2:$F$500,F11,$H$2:$H$500,"Trade estimate")) -> 11.1 | L11: =IF(OR(J11="",J11=0),"",_xlfn.MINIFS($E$2:$E$500,$B$2:$B$500,B11,$C$2:$C$500,C11,$F$2:$F$500,F11,$H$2:$H$500,"Trade estimate")) -> 10.8 | M11: =IF(OR(J11="",J11<2),"",IF(L11=0,"",(K11-L11)/L11)) -> 0.027777778 | N11: =IF(B11="","",IF(J11<2,"Needs 2+ trade sources",IF(M11>Lists!$E$2,"CHECK","OK"))) -> OK | O11: =IF(B11="","",IF(J11<2,"Needs 2+ trade sources",IF(M11<=Lists!$E$6,"Good",IF(M11<=Lists!$E$2,"Moderate","Bad")))) -> Good
A12: 46311.875 | B12: Drishyam 3: The Conclusion | C12: 46307 | D12: =IF(OR(B12="",C12=""),"",IFERROR(C12-INDEX(Films!$C$2:$C$100,MATCH(B12,Films!$A$2:$A$100,0))+1,"")) -> 11 | E12: 10.95 | F12: Net India | G12: Box Office India | H12: Trade estimate | I12: Weekly Top 10 tracker | J12: =IF(B12="","",COUNTIFS($B$2:$B$500,B12,$C$2:$C$500,C12,$F$2:$F$500,F12,$H$2:$H$500,"Trade estimate")) -> 3 | K12: =IF(OR(J12="",J12=0),"",_xlfn.MAXIFS($E$2:$E$500,$B$2:$B$500,B12,$C$2:$C$500,C12,$F$2:$F$500,F12,$H$2:$H$500,"Trade estimate")) -> 11.1 | L12: =IF(OR(J12="",J12=0),"",_xlfn.MINIFS($E$2:$E$500,$B$2:$B$500,B12,$C$2:$C$500,C12,$F$2:$F$500,F12,$H$2:$H$500,"Trade estimate")) -> 10.8 | M12: =IF(OR(J12="",J12<2),"",IF(L12=0,"",(K12-L12)/L12)) -> 0.027777778 | N12: =IF(B12="","",IF(J12<2,"Needs 2+ trade sources",IF(M12>Lists!$E$2,"CHECK","OK"))) -> OK | O12: =IF(B12="","",IF(J12<2,"Needs 2+ trade sources",IF(M12<=Lists!$E$6,"Good",IF(M12<=Lists!$E$2,"Moderate","Bad")))) -> Good
A13: 46311.875 | B13: Drishyam 3: The Conclusion | C13: 46307 | D13: =IF(OR(B13="",C13=""),"",IFERROR(C13-INDEX(Films!$C$2:$C$100,MATCH(B13,Films!$A$2:$A$100,0))+1,"")) -> 11 | E13: 12.4 | F13: Net India | G13: Producer / Official poster | H13: Producer-reported | I13: Official producer figure | J13: =IF(B13="","",COUNTIFS($B$2:$B$500,B13,$C$2:$C$500,C13,$F$2:$F$500,F13,$H$2:$H$500,"Trade estimate")) -> 3 | K13: =IF(OR(J13="",J13=0),"",_xlfn.MAXIFS($E$2:$E$500,$B$2:$B$500,B13,$C$2:$C$500,C13,$F$2:$F$500,F13,$H$2:$H$500,"Trade estimate")) -> 11.1 | L13: =IF(OR(J13="",J13=0),"",_xlfn.MINIFS($E$2:$E$500,$B$2:$B$500,B13,$C$2:$C$500,C13,$F$2:$F$500,F13,$H$2:$H$500,"Trade estimate")) -> 10.8 | M13: =IF(OR(J13="",J13<2),"",IF(L13=0,"",(K13-L13)/L13)) -> 0.027777778 | N13: =IF(B13="","",IF(J13<2,"Needs 2+ trade sources",IF(M13>Lists!$E$2,"CHECK","OK"))) -> OK | O13: =IF(B13="","",IF(J13<2,"Needs 2+ trade sources",IF(M13<=Lists!$E$6,"Good",IF(M13<=Lists!$E$2,"Moderate","Bad")))) -> Good
... A135: 46311.875 | B135: The Eken: Kerala-e-Kurukshetra | C135: 46311 | D135: =IF(OR(B135="",C135=""),"",IFERROR(C135-INDEX(Films!$C$2:$C$100,MATCH(B135,Films!$A$2:$A$100,0))+1,"")) -> 2 | E135: 0.4 | F135: Net India | G135: Producer / Official poster | H135: Producer-reported | I135: Official producer figure | J135: =IF(B135="","",COUNTIFS($B$2:$B$500,B135,$C$2:$C$500,C135,$F$2:$F$500,F135,$H$2:$H$500,"Trade estimate")) -> 2 | K135: =IF(OR(J135="",J135=0),"",_xlfn.MAXIFS($E$2:$E$500,$B$2:$B$500,B135,$C$2:$C$500,C135,$F$2:$F$500,F135,$H$2:$H$500,"Trade estimate")) -> 0.35 | L135: =IF(OR(J135="",J135=0),"",_xlfn.MINIFS($E$2:$E$500,$B$2:$B$500,B135,$C$2:$C$500,C135,$F$2:$F$500,F135,$H$2:$H$500,"Trade estimate")) -> 0.33 | M135: =IF(OR(J135="",J135<2),"",IF(L135=0,"",(K135-L135)/L135)) -> 0.060606061 | N135: =IF(B135="","",IF(J135<2,"Needs 2+ trade sources",IF(M135>Lists!$E$2,"CHECK","OK"))) -> OK | O135: =IF(B135="","",IF(J135<2,"Needs 2+ trade sources",IF(M135<=Lists!$E$6,"Good",IF(M135<=Lists!$E$2,"Moderate","Bad")))) -> Moderate
D136: =IF(OR(B136="",C136=""),"",IFERROR(C136-INDEX(Films!$C$2:$C$100,MATCH(B136,Films!$A$2:$A$100,0))+1,"")) | J136: =IF(B136="","",COUNTIFS($B$2:$B$500,B136,$C$2:$C$500,C136,$F$2:$F$500,F136,$H$2:$H$500,"Trade estimate")) | K136: =IF(OR(J136="",J136=0),"",_xlfn.MAXIFS($E$2:$E$500,$B$2:$B$500,B136,$C$2:$C$500,C136,$F$2:$F$500,F136,$H$2:$H$500,"Trade estimate")) | L136: =IF(OR(J136="",J136=0),"",_xlfn.MINIFS($E$2:$E$500,$B$2:$B$500,B136,$C$2:$C$500,C136,$F$2:$F$500,F136,$H$2:$H$500,"Trade estimate")) | M136: =IF(OR(J136="",J136<2),"",IF(L136=0,"",(K136-L136)/L136)) | N136: =IF(B136="","",IF(J136<2,"Needs 2+ trade sources",IF(M136>Lists!$E$2,"CHECK","OK"))) | O136: =IF(B136="","",IF(J136<2,"Needs 2+ trade sources",IF(M136<=Lists!$E$6,"Good",IF(M136<=Lists!$E$2,"Moderate","Bad"))))
D137: =IF(OR(B137="",C137=""),"",IFERROR(C137-INDEX(Films!$C$2:$C$100,MATCH(B137,Films!$A$2:$A$100,0))+1,"")) | J137: =IF(B137="","",COUNTIFS($B$2:$B$500,B137,$C$2:$C$500,C137,$F$2:$F$500,F137,$H$2:$H$500,"Trade estimate")) | K137: =IF(OR(J137="",J137=0),"",_xlfn.MAXIFS($E$2:$E$500,$B$2:$B$500,B137,$C$2:$C$500,C137,$F$2:$F$500,F137,$H$2:$H$500,"Trade estimate")) | L137: =IF(OR(J137="",J137=0),"",_xlfn.MINIFS($E$2:$E$500,$B$2:$B$500,B137,$C$2:$C$500,C137,$F$2:$F$500,F137,$H$2:$H$500,"Trade estimate")) | M137: =IF(OR(J137="",J137<2),"",IF(L137=0,"",(K137-L137)/L137)) | N137: =IF(B137="","",IF(J137<2,"Needs 2+ trade sources",IF(M137>Lists!$E$2,"CHECK","OK"))) | O137: =IF(B137="","",IF(J137<2,"Needs 2+ trade sources",IF(M137<=Lists!$E$6,"Good",IF(M137<=Lists!$E$2,"Moderate","Bad"))))
D138: =IF(OR(B138="",C138=""),"",IFERROR(C138-INDEX(Films!$C$2:$C$100,MATCH(B138,Films!$A$2:$A$100,0))+1,"")) | J138: =IF(B138="","",COUNTIFS($B$2:$B$500,B138,$C$2:$C$500,C138,$F$2:$F$500,F138,$H$2:$H$500,"Trade estimate")) | K138: =IF(OR(J138="",J138=0),"",_xlfn.MAXIFS($E$2:$E$500,$B$2:$B$500,B138,$C$2:$C$500,C138,$F$2:$F$500,F138,$H$2:$H$500,"Trade estimate")) | L138: =IF(OR(J138="",J138=0),"",_xlfn.MINIFS($E$2:$E$500,$B$2:$B$500,B138,$C$2:$C$500,C138,$F$2:$F$500,F138,$H$2:$H$500,"Trade estimate")) | M138: =IF(OR(J138="",J138<2),"",IF(L138=0,"",(K138-L138)/L138)) | N138: =IF(B138="","",IF(J138<2,"Needs 2+ trade sources",IF(M138>Lists!$E$2,"CHECK","OK"))) | O138: =IF(B138="","",IF(J138<2,"Needs 2+ trade sources",IF(M138<=Lists!$E$6,"Good",IF(M138<=Lists!$E$2,"Moderate","Bad"))))
D139: =IF(OR(B139="",C139=""),"",IFERROR(C139-INDEX(Films!$C$2:$C$100,MATCH(B139,Films!$A$2:$A$100,0))+1,"")) | J139: =IF(B139="","",COUNTIFS($B$2:$B$500,B139,$C$2:$C$500,C139,$F$2:$F$500,F139,$H$2:$H$500,"Trade estimate")) | K139: =IF(OR(J139="",J139=0),"",_xlfn.MAXIFS($E$2:$E$500,$B$2:$B$500,B139,$C$2:$C$500,C139,$F$2:$F$500,F139,$H$2:$H$500,"Trade estimate")) | L139: =IF(OR(J139="",J139=0),"",_xlfn.MINIFS($E$2:$E$500,$B$2:$B$500,B139,$C$2:$C$500,C139,$F$2:$F$500,F139,$H$2:$H$500,"Trade estimate")) | M139: =IF(OR(J139="",J139<2),"",IF(L139=0,"",(K139-L139)/L139)) | N139: =IF(B139="","",IF(J139<2,"Needs 2+ trade sources",IF(M139>Lists!$E$2,"CHECK","OK"))) | O139: =IF(B139="","",IF(J139<2,"Needs 2+ trade sources",IF(M139<=Lists!$E$6,"Good",IF(M139<=Lists!$E$2,"Moderate","Bad"))))
D140: =IF(OR(B140="",C140=""),"",IFERROR(C140-INDEX(Films!$C$2:$C$100,MATCH(B140,Films!$A$2:$A$100,0))+1,"")) | J140: =IF(B140="","",COUNTIFS($B$2:$B$500,B140,$C$2:$C$500,C140,$F$2:$F$500,F140,$H$2:$H$500,"Trade estimate")) | K140: =IF(OR(J140="",J140=0),"",_xlfn.MAXIFS($E$2:$E$500,$B$2:$B$500,B140,$C$2:$C$500,C140,$F$2:$F$500,F140,$H$2:$H$500,"Trade estimate")) | L140: =IF(OR(J140="",J140=0),"",_xlfn.MINIFS($E$2:$E$500,$B$2:$B$500,B140,$C$2:$C$500,C140,$F$2:$F$500,F140,$H$2:$H$500,"Trade estimate")) | M140: =IF(OR(J140="",J140<2),"",IF(L140=0,"",(K140-L140)/L140)) | N140: =IF(B140="","",IF(J140<2,"Needs 2+ trade sources",IF(M140>Lists!$E$2,"CHECK","OK"))) | O140: =IF(B140="","",IF(J140<2,"Needs 2+ trade sources",IF(M140<=Lists!$E$6,"Good",IF(M140<=Lists!$E$2,"Moderate","Bad"))))
D141: =IF(OR(B141="",C141=""),"",IFERROR(C141-INDEX(Films!$C$2:$C$100,MATCH(B141,Films!$A$2:$A$100,0))+1,"")) | J141: =IF(B141="","",COUNTIFS($B$2:$B$500,B141,$C$2:$C$500,C141,$F$2:$F$500,F141,$H$2:$H$500,"Trade estimate")) | K141: =IF(OR(J141="",J141=0),"",_xlfn.MAXIFS($E$2:$E$500,$B$2:$B$500,B141,$C$2:$C$500,C141,$F$2:$F$500,F141,$H$2:$H$500,"Trade estimate")) | L141: =IF(OR(J141="",J141=0),"",_xlfn.MINIFS($E$2:$E$500,$B$2:$B$500,B141,$C$2:$C$500,C141,$F$2:$F$500,F141,$H$2:$H$500,"Trade estimate")) | M141: =IF(OR(J141="",J141<2),"",IF(L141=0,"",(K141-L141)/L141)) | N141: =IF(B141="","",IF(J141<2,"Needs 2+ trade sources",IF(M141>Lists!$E$2,"CHECK","OK"))) | O141: =IF(B141="","",IF(J141<2,"Needs 2+ trade sources",IF(M141<=Lists!$E$6,"Good",IF(M141<=Lists!$E$2,"Moderate","Bad"))))
D142: =IF(OR(B142="",C142=""),"",IFERROR(C142-INDEX(Films!$C$2:$C$100,MATCH(B142,Films!$A$2:$A$100,0))+1,"")) | J142: =IF(B142="","",COUNTIFS($B$2:$B$500,B142,$C$2:$C$500,C142,$F$2:$F$500,F142,$H$2:$H$500,"Trade estimate")) | K142: =IF(OR(J142="",J142=0),"",_xlfn.MAXIFS($E$2:$E$500,$B$2:$B$500,B142,$C$2:$C$500,C142,$F$2:$F$500,F142,$H$2:$H$500,"Trade estimate")) | L142: =IF(OR(J142="",J142=0),"",_xlfn.MINIFS($E$2:$E$500,$B$2:$B$500,B142,$C$2:$C$500,C142,$F$2:$F$500,F142,$H$2:$H$500,"Trade estimate")) | M142: =IF(OR(J142="",J142<2),"",IF(L142=0,"",(K142-L142)/L142)) | N142: =IF(B142="","",IF(J142<2,"Needs 2+ trade sources",IF(M142>Lists!$E$2,"CHECK","OK"))) | O142: =IF(B142="","",IF(J142<2,"Needs 2+ trade sources",IF(M142<=Lists!$E$6,"Good",IF(M142<=Lists!$E$2,"Moderate","Bad"))))
D143: =IF(OR(B143="",C143=""),"",IFERROR(C143-INDEX(Films!$C$2:$C$100,MATCH(B143,Films!$A$2:$A$100,0))+1,"")) | J143: =IF(B143="","",COUNTIFS($B$2:$B$500,B143,$C$2:$C$500,C143,$F$2:$F$500,F143,$H$2:$H$500,"Trade estimate")) | K143: =IF(OR(J143="",J143=0),"",_xlfn.MAXIFS($E$2:$E$500,$B$2:$B$500,B143,$C$2:$C$500,C143,$F$2:$F$500,F143,$H$2:$H$500,"Trade estimate")) | L143: =IF(OR(J143="",J143=0),"",_xlfn.MINIFS($E$2:$E$500,$B$2:$B$500,B143,$C$2:$C$500,C143,$F$2:$F$500,F143,$H$2:$H$500,"Trade estimate")) | M143: =IF(OR(J143="",J143<2),"",IF(L143=0,"",(K143-L143)/L143)) | N143: =IF(B143="","",IF(J143<2,"Needs 2+ trade sources",IF(M143>Lists!$E$2,"CHECK","OK"))) | O143: =IF(B143="","",IF(J143<2,"Needs 2+ trade sources",IF(M143<=Lists!$E$6,"Good",IF(M143<=Lists!$E$2,"Moderate","Bad"))))
D144: =IF(OR(B144="",C144=""),"",IFERROR(C144-INDEX(Films!$C$2:$C$100,MATCH(B144,Films!$A$2:$A$100,0))+1,"")) | J144: =IF(B144="","",COUNTIFS($B$2:$B$500,B144,$C$2:$C$500,C144,$F$2:$F$500,F144,$H$2:$H$500,"Trade estimate")) | K144: =IF(OR(J144="",J144=0),"",_xlfn.MAXIFS($E$2:$E$500,$B$2:$B$500,B144,$C$2:$C$500,C144,$F$2:$F$500,F144,$H$2:$H$500,"Trade estimate")) | L144: =IF(OR(J144="",J144=0),"",_xlfn.MINIFS($E$2:$E$500,$B$2:$B$500,B144,$C$2:$C$500,C144,$F$2:$F$500,F144,$H$2:$H$500,"Trade estimate")) | M144: =IF(OR(J144="",J144<2),"",IF(L144=0,"",(K144-L144)/L144)) | N144: =IF(B144="","",IF(J144<2,"Needs 2+ trade sources",IF(M144>Lists!$E$2,"CHECK","OK"))) | O144: =IF(B144="","",IF(J144<2,"Needs 2+ trade sources",IF(M144<=Lists!$E$6,"Good",IF(M144<=Lists!$E$2,"Moderate","Bad"))))
D145: =IF(OR(B145="",C145=""),"",IFERROR(C145-INDEX(Films!$C$2:$C$100,MATCH(B145,Films!$A$2:$A$100,0))+1,"")) | J145: =IF(B145="","",COUNTIFS($B$2:$B$500,B145,$C$2:$C$500,C145,$F$2:$F$500,F145,$H$2:$H$500,"Trade estimate")) | K145: =IF(OR(J145="",J145=0),"",_xlfn.MAXIFS($E$2:$E$500,$B$2:$B$500,B145,$C$2:$C$500,C145,$F$2:$F$500,F145,$H$2:$H$500,"Trade estimate")) | L145: =IF(OR(J145="",J145=0),"",_xlfn.MINIFS($E$2:$E$500,$B$2:$B$500,B145,$C$2:$C$500,C145,$F$2:$F$500,F145,$H$2:$H$500,"Trade estimate")) | M145: =IF(OR(J145="",J145<2),"",IF(L145=0,"",(K145-L145)/L145)) | N145: =IF(B145="","",IF(J145<2,"Needs 2+ trade sources",IF(M145>Lists!$E$2,"CHECK","OK"))) | O145: =IF(B145="","",IF(J145<2,"Needs 2+ trade sources",IF(M145<=Lists!$E$6,"Good",IF(M145<=Lists!$E$2,"Moderate","Bad"))))
D146: =IF(OR(B146="",C146=""),"",IFERROR(C146-INDEX(Films!$C$2:$C$100,MATCH(B146,Films!$A$2:$A$100,0))+1,"")) | J146: =IF(B146="","",COUNTIFS($B$2:$B$500,B146,$C$2:$C$500,C146,$F$2:$F$500,F146,$H$2:$H$500,"Trade estimate")) | K146: =IF(OR(J146="",J146=0),"",_xlfn.MAXIFS($E$2:$E$500,$B$2:$B$500,B146,$C$2:$C$500,C146,$F$2:$F$500,F146,$H$2:$H$500,"Trade estimate")) | L146: =IF(OR(J146="",J146=0),"",_xlfn.MINIFS($E$2:$E$500,$B$2:$B$500,B146,$C$2:$C$500,C146,$F$2:$F$500,F146,$H$2:$H$500,"Trade estimate")) | M146: =IF(OR(J146="",J146<2),"",IF(L146=0,"",(K146-L146)/L146)) | N146: =IF(B146="","",IF(J146<2,"Needs 2+ trade sources",IF(M146>Lists!$E$2,"CHECK","OK"))) | O146: =IF(B146="","",IF(J146<2,"Needs 2+ trade sources",IF(M146<=Lists!$E$6,"Good",IF(M146<=Lists!$E$2,"Moderate","Bad"))))
D147: =IF(OR(B147="",C147=""),"",IFERROR(C147-INDEX(Films!$C$2:$C$100,MATCH(B147,Films!$A$2:$A$100,0))+1,"")) | J147: =IF(B147="","",COUNTIFS($B$2:$B$500,B147,$C$2:$C$500,C147,$F$2:$F$500,F147,$H$2:$H$500,"Trade estimate")) | K147: =IF(OR(J147="",J147=0),"",_xlfn.MAXIFS($E$2:$E$500,$B$2:$B$500,B147,$C$2:$C$500,C147,$F$2:$F$500,F147,$H$2:$H$500,"Trade estimate")) | L147: =IF(OR(J147="",J147=0),"",_xlfn.MINIFS($E$2:$E$500,$B$2:$B$500,B147,$C$2:$C$500,C147,$F$2:$F$500,F147,$H$2:$H$500,"Trade estimate")) | M147: =IF(OR(J147="",J147<2),"",IF(L147=0,"",(K147-L147)/L147)) | N147: =IF(B147="","",IF(J147<2,"Needs 2+ trade sources",IF(M147>Lists!$E$2,"CHECK","OK"))) | O147: =IF(B147="","",IF(J147<2,"Needs 2+ trade sources",IF(M147<=Lists!$E$6,"Good",IF(M147<=Lists!$E$2,"Moderate","Bad"))))
... D500: =IF(OR(B500="",C500=""),"",IFERROR(C500-INDEX(Films!$C$2:$C$100,MATCH(B500,Films!$A$2:$A$100,0))+1,"")) | J500: =IF(B500="","",COUNTIFS($B$2:$B$500,B500,$C$2:$C$500,C500,$F$2:$F$500,F500,$H$2:$H$500,"Trade estimate")) | K500: =IF(OR(J500="",J500=0),"",_xlfn.MAXIFS($E$2:$E$500,$B$2:$B$500,B500,$C$2:$C$500,C500,$F$2:$F$500,F500,$H$2:$H$500,"Trade estimate")) | L500: =IF(OR(J500="",J500=0),"",_xlfn.MINIFS($E$2:$E$500,$B$2:$B$500,B500,$C$2:$C$500,C500,$F$2:$F$500,F500,$H$2:$H$500,"Trade estimate")) | M500: =IF(OR(J500="",J500<2),"",IF(L500=0,"",(K500-L500)/L500)) | N500: =IF(B500="","",IF(J500<2,"Needs 2+ trade sources",IF(M500>Lists!$E$2,"CHECK","OK"))) | O500: =IF(B500="","",IF(J500<2,"Needs 2+ trade sources",IF(M500<=Lists!$E$6,"Good",IF(M500<=Lists!$E$2,"Moderate","Bad"))))

Sheet Films
A1: Film | B1: Language | C1: Release Date | D1: Director / Lead | E1: Notes
A2: Drishyam 3: The Conclusion | B2: Hindi | C2: 46297 | D2: Ajay Devgn, Mohanlal | E2: Week 2 blockbuster; #1 highest-collecting film of the week.
A3: Jailer 2 | B3: Tamil | C3: 46310 | D3: Rajinikanth / Nelson | E3: Massive festive opening; 2-day collection places #2 for the week.
A4: Comrade Kalyan | B4: Telugu | C4: 46304 | D4: Pawan Kalyan | E4: Strong Week 1 run in AP/Telangana.
A5: Baththa | B5: Tamil | C5: 46296 | D5: Karthi | E5: Steady Week 2 hold across Tamil Nadu.
A6: Ranabaali | B6: Telugu | C6: 46311 | D6: Rana Daggubati | E6: Friday release; wider spread across Day 1 estimates.
A7: Vvan - Force of the Forrest | B7: Hindi | C7: 46290 | D7: Sidharth Malhotra | E7: Folk thriller in Week 3.
A8: Other Mommy | B8: Other | C8: 46304 | D8: Jessica Chastain | E8: English horror release in Indian multiplexes.
A9: Prahaar - The Ujjwal Nikam Story | B9: Hindi | C9: 46311 | D9: Rajkummar Rao | E9: Courtroom biopic Day 1 opening.
A10: Street Fighter (Tamil) | B10: Tamil | C10: 46311 | D10: Action Ensemble | E10: Friday Tamil action release.
A11: The Eken: Kerala-e-Kurukshetra | B11: Bengali | C11: 46310 | D11: Anirban Chakrabarti | E11: Puja release strong in West Bengal.

Sheet Sources
A1: Source | B1: Type | C1: Website | D1: What it reports | E1: Terms / robots.txt checked? | F1: Notes
A2: Sacnilk | B2: Trade site | C2: sacnilk.com | D2: Daily India net estimates | E2: No
A3: Box Office India | B3: Trade site | C3: boxofficeindia.com | D3: Daily and weekly net figures | E3: No
A4: Bollywood Hungama | B4: Trade site | C4: bollywoodhungama.com | D4: Daily estimates and trade commentary | E4: No
A5: Ormax Media | B5: Research firm | C5: ormaxmedia.com | D5: Weekly reports | E5: No
A6: Producer / Official poster | B6: Producer | D6: Official claims, often higher than trade | E6: N/A | F6: Log as Producer-reported

Sheet Summary
A1: Film | B1: Language | C1: Release Date | D1: Days Logged | E1: Day 1 Trade Avg (Rs cr) | F1: Day 1 Producer (Rs cr) | G1: Producer Premium % | H1: Latest Day Trade Avg (Rs cr) | I1: Avg Trade Spread % | J1: Max Trade Spread % | K1: Consistency Rating | L1: Producer Alignment
A2: =IF(Films!A2="","",Films!A2) -> Drishyam 3: The Conclusion | B2: =IF(A2="","",Films!B2) -> Hindi | C2: =IF(A2="","",Films!C2) -> 46297 | D2: =IF(A2="","",IF(COUNTIFS('Daily Log'!$B$2:$B$500,A2)=0,"",_xlfn.MAXIFS('Daily Log'!$D$2:$D$500,'Daily Log'!$B$2:$B$500,A2))) -> 15 | E2: =IF(A2="","",IFERROR(AVERAGEIFS('Daily Log'!$E$2:$E$500,'Daily Log'!$B$2:$B$500,$A2,'Daily Log'!$F$2:$F$500,"Net India",'Daily Log'!$D$2:$D$500,1,'Daily Log'!$H$2:$H$500,"Trade estimate"),IFERROR(AVERAGEIFS('Daily Log'!$E$2:$E$500,'Daily Log'!$B$2:$B$500,$A2,'Daily Log'!$F$2:$F$500,"Net India",'Daily Log'!$D$2:$D$500,D2,'Daily Log'!$H$2:$H$500,"Trade estimate"),""))) -> 7.0166667 | F2: =IF(A2="","",IFERROR(AVERAGEIFS('Daily Log'!$E$2:$E$500,'Daily Log'!$B$2:$B$500,$A2,'Daily Log'!$F$2:$F$500,"Net India",'Daily Log'!$D$2:$D$500,1,'Daily Log'!$H$2:$H$500,"Producer-reported"),IFERROR(AVERAGEIFS('Daily Log'!$E$2:$E$500,'Daily Log'!$B$2:$B$500,$A2,'Daily Log'!$F$2:$F$500,"Net India",'Daily Log'!$D$2:$D$500,D2,'Daily Log'!$H$2:$H$500,"Producer-reported"),""))) -> 8 | G2: =IF(OR(E2="",F2=""),"",IF(E2=0,"",F2/E2-1)) -> 0.14014252 | H2: =IF(OR(A2="",D2=""),"",IFERROR(AVERAGEIFS('Daily Log'!$E$2:$E$500,'Daily Log'!$B$2:$B$500,$A2,'Daily Log'!$F$2:$F$500,"Net India",'Daily Log'!$D$2:$D$500,D2,'Daily Log'!$H$2:$H$500,"Trade estimate"),"")) -> 7.0166667 | I2: =IF(A2="","",IF(COUNTIFS('Daily Log'!$B$2:$B$500,$A2,'Daily Log'!$F$2:$F$500,"Net India",'Daily Log'!$H$2:$H$500,"Trade estimate",'Daily Log'!$J$2:$J$500,">=2")=0,"",AVERAGEIFS('Daily Log'!$M$2:$M$500,'Daily Log'!$B$2:$B$500,$A2,'Daily Log'!$F$2:$F$500,"Net India",'Daily Log'!$H$2:$H$500,"Trade estimate",'Daily Log'!$J$2:$J$500,">=2"))) -> 0.03408351 | J2: =IF(I2="","",_xlfn.MAXIFS('Daily Log'!$M$2:$M$500,'Daily Log'!$B$2:$B$500,$A2,'Daily Log'!$F$2:$F$500,"Net India",'Daily Log'!$H$2:$H$500,"Trade estimate",'Daily Log'!$J$2:$J$500,">=2")) -> 0.058823529 | K2: =IF(A2="","",IF(I2="","Needs 2+ trade sources",IF(I2<=Lists!$E$6,"Good",IF(I2<=Lists!$E$2,"Moderate","Bad")))) -> Good | L2: =IF(OR(A2="",G2=""),"",IF(ABS(G2)<=Lists!$E$6,"Good (Aligned)",IF(ABS(G2)<=Lists!$E$2,"Moderate Gap","Bad (Inflated)"))) -> Bad (Inflated)
A3: =IF(Films!A3="","",Films!A3) -> Jailer 2 | B3: =IF(A3="","",Films!B3) -> Tamil | C3: =IF(A3="","",Films!C3) -> 46310 | D3: =IF(A3="","",IF(COUNTIFS('Daily Log'!$B$2:$B$500,A3)=0,"",_xlfn.MAXIFS('Daily Log'!$D$2:$D$500,'Daily Log'!$B$2:$B$500,A3))) -> 2 | E3: =IF(A3="","",IFERROR(AVERAGEIFS('Daily Log'!$E$2:$E$500,'Daily Log'!$B$2:$B$500,$A3,'Daily Log'!$F$2:$F$500,"Net India",'Daily Log'!$D$2:$D$500,1,'Daily Log'!$H$2:$H$500,"Trade estimate"),IFERROR(AVERAGEIFS('Daily Log'!$E$2:$E$500,'Daily Log'!$B$2:$B$500,$A3,'Daily Log'!$F$2:$F$500,"Net India",'Daily Log'!$D$2:$D$500,D3,'Daily Log'!$H$2:$H$500,"Trade estimate"),""))) -> 36.833333 | F3: =IF(A3="","",IFERROR(AVERAGEIFS('Daily Log'!$E$2:$E$500,'Daily Log'!$B$2:$B$500,$A3,'Daily Log'!$F$2:$F$500,"Net India",'Daily Log'!$D$2:$D$500,1,'Daily Log'!$H$2:$H$500,"Producer-reported"),IFERROR(AVERAGEIFS('Daily Log'!$E$2:$E$500,'Daily Log'!$B$2:$B$500,$A3,'Daily Log'!$F$2:$F$500,"Net India",'Daily Log'!$D$2:$D$500,D3,'Daily Log'!$H$2:$H$500,"Producer-reported"),""))) -> 45 | G3: =IF(OR(E3="",F3=""),"",IF(E3=0,"",F3/E3-1)) -> 0.22171946 | H3: =IF(OR(A3="",D3=""),"",IFERROR(AVERAGEIFS('Daily Log'!$E$2:$E$500,'Daily Log'!$B$2:$B$500,$A3,'Daily Log'!$F$2:$F$500,"Net India",'Daily Log'!$D$2:$D$500,D3,'Daily Log'!$H$2:$H$500,"Trade estimate"),"")) -> 20.4 | I3: =IF(A3="","",IF(COUNTIFS('Daily Log'!$B$2:$B$500,$A3,'Daily Log'!$F$2:$F$500,"Net India",'Daily Log'!$H$2:$H$500,"Trade estimate",'Daily Log'!$J$2:$J$500,">=2")=0,"",AVERAGEIFS('Daily Log'!$M$2:$M$500,'Daily Log'!$B$2:$B$500,$A3,'Daily Log'!$F$2:$F$500,"Net India",'Daily Log'!$H$2:$H$500,"Trade estimate",'Daily Log'!$J$2:$J$500,">=2"))) -> 0.070372814 | J3: =IF(I3="","",_xlfn.MAXIFS('Daily Log'!$M$2:$M$500,'Daily Log'!$B$2:$B$500,$A3,'Daily Log'!$F$2:$F$500,"Net India",'Daily Log'!$H$2:$H$500,"Trade estimate",'Daily Log'!$J$2:$J$500,">=2")) -> 0.075418994 | K3: =IF(A3="","",IF(I3="","Needs 2+ trade sources",IF(I3<=Lists!$E$6,"Good",IF(I3<=Lists!$E$2,"Moderate","Bad")))) -> Moderate | L3: =IF(OR(A3="",G3=""),"",IF(ABS(G3)<=Lists!$E$6,"Good (Aligned)",IF(ABS(G3)<=Lists!$E$2,"Moderate Gap","Bad (Inflated)"))) -> Bad (Inflated)
A4: =IF(Films!A4="","",Films!A4) -> Comrade Kalyan | B4: =IF(A4="","",Films!B4) -> Telugu | C4: =IF(A4="","",Films!C4) -> 46304 | D4: =IF(A4="","",IF(COUNTIFS('Daily Log'!$B$2:$B$500,A4)=0,"",_xlfn.MAXIFS('Daily Log'!$D$2:$D$500,'Daily Log'!$B$2:$B$500,A4))) -> 8 | E4: =IF(A4="","",IFERROR(AVERAGEIFS('Daily Log'!$E$2:$E$500,'Daily Log'!$B$2:$B$500,$A4,'Daily Log'!$F$2:$F$500,"Net India",'Daily Log'!$D$2:$D$500,1,'Daily Log'!$H$2:$H$500,"Trade estimate"),IFERROR(AVERAGEIFS('Daily Log'!$E$2:$E$500,'Daily Log'!$B$2:$B$500,$A4,'Daily Log'!$F$2:$F$500,"Net India",'Daily Log'!$D$2:$D$500,D4,'Daily Log'!$H$2:$H$500,"Trade estimate"),""))) -> 0.49 | F4: =IF(A4="","",IFERROR(AVERAGEIFS('Daily Log'!$E$2:$E$500,'Daily Log'!$B$2:$B$500,$A4,'Daily Log'!$F$2:$F$500,"Net India",'Daily Log'!$D$2:$D$500,1,'Daily Log'!$H$2:$H$500,"Producer-reported"),IFERROR(AVERAGEIFS('Daily Log'!$E$2:$E$500,'Daily Log'!$B$2:$B$500,$A4,'Daily Log'!$F$2:$F$500,"Net India",'Daily Log'!$D$2:$D$500,D4,'Daily Log'!$H$2:$H$500,"Producer-reported"),""))) -> 0.6 | G4: =IF(OR(E4="",F4=""),"",IF(E4=0,"",F4/E4-1)) -> 0.2244898 | H4: =IF(OR(A4="",D4=""),"",IFERROR(AVERAGEIFS('Daily Log'!$E$2:$E$500,'Daily Log'!$B$2:$B$500,$A4,'Daily Log'!$F$2:$F$500,"Net India",'Daily Log'!$D$2:$D$500,D4,'Daily Log'!$H$2:$H$500,"Trade estimate"),"")) -> 0.49 | I4: =IF(A4="","",IF(COUNTIFS('Daily Log'!$B$2:$B$500,$A4,'Daily Log'!$F$2:$F$500,"Net India",'Daily Log'!$H$2:$H$500,"Trade estimate",'Daily Log'!$J$2:$J$500,">=2")=0,"",AVERAGEIFS('Daily Log'!$M$2:$M$500,'Daily Log'!$B$2:$B$500,$A4,'Daily Log'!$F$2:$F$500,"Net India",'Daily Log'!$H$2:$H$500,"Trade estimate",'Daily Log'!$J$2:$J$500,">=2"))) -> 0.048819361 | J4: =IF(I4="","",_xlfn.MAXIFS('Daily Log'!$M$2:$M$500,'Daily Log'!$B$2:$B$500,$A4,'Daily Log'!$F$2:$F$500,"Net India",'Daily Log'!$H$2:$H$500,"Trade estimate",'Daily Log'!$J$2:$J$500,">=2")) -> 0.057692308 | K4: =IF(A4="","",IF(I4="","Needs 2+ trade sources",IF(I4<=Lists!$E$6,"Good",IF(I4<=Lists!$E$2,"Moderate","Bad")))) -> Good | L4: =IF(OR(A4="",G4=""),"",IF(ABS(G4)<=Lists!$E$6,"Good (Aligned)",IF(ABS(G4)<=Lists!$E$2,"Moderate Gap","Bad (Inflated)"))) -> Bad (Inflated)
A5: =IF(Films!A5="","",Films!A5) -> Baththa | B5: =IF(A5="","",Films!B5) -> Tamil | C5: =IF(A5="","",Films!C5) -> 46296 | D5: =IF(A5="","",IF(COUNTIFS('Daily Log'!$B$2:$B$500,A5)=0,"",_xlfn.MAXIFS('Daily Log'!$D$2:$D$500,'Daily Log'!$B$2:$B$500,A5))) -> 15 | E5: =IF(A5="","",IFERROR(AVERAGEIFS('Daily Log'!$E$2:$E$500,'Daily Log'!$B$2:$B$500,$A5,'Daily Log'!$F$2:$F$500,"Net India",'Daily Log'!$D$2:$D$500,1,'Daily Log'!$H$2:$H$500,"Trade estimate"),IFERROR(AVERAGEIFS('Daily Log'!$E$2:$E$500,'Daily Log'!$B$2:$B$500,$A5,'Daily Log'!$F$2:$F$500,"Net India",'Daily Log'!$D$2:$D$500,D5,'Daily Log'!$H$2:$H$500,"Trade estimate"),""))) -> 0.825 | F5: =IF(A5="","",IFERROR(AVERAGEIFS('Daily Log'!$E$2:$E$500,'Daily Log'!$B$2:$B$500,$A5,'Daily Log'!$F$2:$F$500,"Net India",'Daily Log'!$D$2:$D$500,1,'Daily Log'!$H$2:$H$500,"Producer-reported"),IFERROR(AVERAGEIFS('Daily Log'!$E$2:$E$500,'Daily Log'!$B$2:$B$500,$A5,'Daily Log'!$F$2:$F$500,"Net India",'Daily Log'!$D$2:$D$500,D5,'Daily Log'!$H$2:$H$500,"Producer-reported"),""))) -> 0.95 | G5: =IF(OR(E5="",F5=""),"",IF(E5=0,"",F5/E5-1)) -> 0.15151515 | H5: =IF(OR(A5="",D5=""),"",IFERROR(AVERAGEIFS('Daily Log'!$E$2:$E$500,'Daily Log'!$B$2:$B$500,$A5,'Daily Log'!$F$2:$F$500,"Net India",'Daily Log'!$D$2:$D$500,D5,'Daily Log'!$H$2:$H$500,"Trade estimate"),"")) -> 0.825 | I5: =IF(A5="","",IF(COUNTIFS('Daily Log'!$B$2:$B$500,$A5,'Daily Log'!$F$2:$F$500,"Net India",'Daily Log'!$H$2:$H$500,"Trade estimate",'Daily Log'!$J$2:$J$500,">=2")=0,"",AVERAGEIFS('Daily Log'!$M$2:$M$500,'Daily Log'!$B$2:$B$500,$A5,'Daily Log'!$F$2:$F$500,"Net India",'Daily Log'!$H$2:$H$500,"Trade estimate",'Daily Log'!$J$2:$J$500,">=2"))) -> 0.060211862 | J5: =IF(I5="","",_xlfn.MAXIFS('Daily Log'!$M$2:$M$500,'Daily Log'!$B$2:$B$500,$A5,'Daily Log'!$F$2:$F$500,"Net India",'Daily Log'!$H$2:$H$500,"Trade estimate",'Daily Log'!$J$2:$J$500,">=2")) -> 0.071428571 | K5: =IF(A5="","",IF(I5="","Needs 2+ trade sources",IF(I5<=Lists!$E$6,"Good",IF(I5<=Lists!$E$2,"Moderate","Bad")))) -> Moderate | L5: =IF(OR(A5="",G5=""),"",IF(ABS(G5)<=Lists!$E$6,"Good (Aligned)",IF(ABS(G5)<=Lists!$E$2,"Moderate Gap","Bad (Inflated)"))) -> Bad (Inflated)
A6: =IF(Films!A6="","",Films!A6) -> Ranabaali | B6: =IF(A6="","",Films!B6) -> Telugu | C6: =IF(A6="","",Films!C6) -> 46311 | D6: =IF(A6="","",IF(COUNTIFS('Daily Log'!$B$2:$B$500,A6)=0,"",_xlfn.MAXIFS('Daily Log'!$D$2:$D$500,'Daily Log'!$B$2:$B$500,A6))) -> 1 | E6: =IF(A6="","",IFERROR(AVERAGEIFS('Daily Log'!$E$2:$E$500,'Daily Log'!$B$2:$B$500,$A6,'Daily Log'!$F$2:$F$500,"Net India",'Daily Log'!$D$2:$D$500,1,'Daily Log'!$H$2:$H$500,"Trade estimate"),IFERROR(AVERAGEIFS('Daily Log'!$E$2:$E$500,'Daily Log'!$B$2:$B$500,$A6,'Daily Log'!$F$2:$F$500,"Net India",'Daily Log'!$D$2:$D$500,D6,'Daily Log'!$H$2:$H$500,"Trade estimate"),""))) -> 6.5966667 | F6: =IF(A6="","",IFERROR(AVERAGEIFS('Daily Log'!$E$2:$E$500,'Daily Log'!$B$2:$B$500,$A6,'Daily Log'!$F$2:$F$500,"Net India",'Daily Log'!$D$2:$D$500,1,'Daily Log'!$H$2:$H$500,"Producer-reported"),IFERROR(AVERAGEIFS('Daily Log'!$E$2:$E$500,'Daily Log'!$B$2:$B$500,$A6,'Daily Log'!$F$2:$F$500,"Net India",'Daily Log'!$D$2:$D$500,D6,'Daily Log'!$H$2:$H$500,"Producer-reported"),""))) -> 9.1 | G6: =IF(OR(E6="",F6=""),"",IF(E6=0,"",F6/E6-1)) -> 0.37948459 | H6: =IF(OR(A6="",D6=""),"",IFERROR(AVERAGEIFS('Daily Log'!$E$2:$E$500,'Daily Log'!$B$2:$B$500,$A6,'Daily Log'!$F$2:$F$500,"Net India",'Daily Log'!$D$2:$D$500,D6,'Daily Log'!$H$2:$H$500,"Trade estimate"),"")) -> 6.5966667 | I6: =IF(A6="","",IF(COUNTIFS('Daily Log'!$B$2:$B$500,$A6,'Daily Log'!$F$2:$F$500,"Net India",'Daily Log'!$H$2:$H$500,"Trade estimate",'Daily Log'!$J$2:$J$500,">=2")=0,"",AVERAGEIFS('Daily Log'!$M$2:$M$500,'Daily Log'!$B$2:$B$500,$A6,'Daily Log'!$F$2:$F$500,"Net India",'Daily Log'!$H$2:$H$500,"Trade estimate",'Daily Log'!$J$2:$J$500,">=2"))) -> 0.1424 | J6: =IF(I6="","",_xlfn.MAXIFS('Daily Log'!$M$2:$M$500,'Daily Log'!$B$2:$B$500,$A6,'Daily Log'!$F$2:$F$500,"Net India",'Daily Log'!$H$2:$H$500,"Trade estimate",'Daily Log'!$J$2:$J$500,">=2")) -> 0.1424 | K6: =IF(A6="","",IF(I6="","Needs 2+ trade sources",IF(I6<=Lists!$E$6,"Good",IF(I6<=Lists!$E$2,"Moderate","Bad")))) -> Bad | L6: =IF(OR(A6="",G6=""),"",IF(ABS(G6)<=Lists!$E$6,"Good (Aligned)",IF(ABS(G6)<=Lists!$E$2,"Moderate Gap","Bad (Inflated)"))) -> Bad (Inflated)
A7: =IF(Films!A7="","",Films!A7) -> Vvan - Force of the Forrest | B7: =IF(A7="","",Films!B7) -> Hindi | C7: =IF(A7="","",Films!C7) -> 46290 | D7: =IF(A7="","",IF(COUNTIFS('Daily Log'!$B$2:$B$500,A7)=0,"",_xlfn.MAXIFS('Daily Log'!$D$2:$D$500,'Daily Log'!$B$2:$B$500,A7))) -> 21 | E7: =IF(A7="","",IFERROR(AVERAGEIFS('Daily Log'!$E$2:$E$500,'Daily Log'!$B$2:$B$500,$A7,'Daily Log'!$F$2:$F$500,"Net India",'Daily Log'!$D$2:$D$500,1,'Daily Log'!$H$2:$H$500,"Trade estimate"),IFERROR(AVERAGEIFS('Daily Log'!$E$2:$E$500,'Daily Log'!$B$2:$B$500,$A7,'Daily Log'!$F$2:$F$500,"Net India",'Daily Log'!$D$2:$D$500,D7,'Daily Log'!$H$2:$H$500,"Trade estimate"),""))) -> 0.50333333 | F7: =IF(A7="","",IFERROR(AVERAGEIFS('Daily Log'!$E$2:$E$500,'Daily Log'!$B$2:$B$500,$A7,'Daily Log'!$F$2:$F$500,"Net India",'Daily Log'!$D$2:$D$500,1,'Daily Log'!$H$2:$H$500,"Producer-reported"),IFERROR(AVERAGEIFS('Daily Log'!$E$2:$E$500,'Daily Log'!$B$2:$B$500,$A7,'Daily Log'!$F$2:$F$500,"Net India",'Daily Log'!$D$2:$D$500,D7,'Daily Log'!$H$2:$H$500,"Producer-reported"),""))) -> 0.6 | G7: =IF(OR(E7="",F7=""),"",IF(E7=0,"",F7/E7-1)) -> 0.19205298 | H7: =IF(OR(A7="",D7=""),"",IFERROR(AVERAGEIFS('Daily Log'!$E$2:$E$500,'Daily Log'!$B$2:$B$500,$A7,'Daily Log'!$F$2:$F$500,"Net India",'Daily Log'!$D$2:$D$500,D7,'Daily Log'!$H$2:$H$500,"Trade estimate"),"")) -> 0.50333333 | I7: =IF(A7="","",IF(COUNTIFS('Daily Log'!$B$2:$B$500,$A7,'Daily Log'!$F$2:$F$500,"Net India",'Daily Log'!$H$2:$H$500,"Trade estimate",'Daily Log'!$J$2:$J$500,">=2")=0,"",AVERAGEIFS('Daily Log'!$M$2:$M$500,'Daily Log'!$B$2:$B$500,$A7,'Daily Log'!$F$2:$F$500,"Net India",'Daily Log'!$H$2:$H$500,"Trade estimate",'Daily Log'!$J$2:$J$500,">=2"))) -> 0.064055092 | J7: =IF(I7="","",_xlfn.MAXIFS('Daily Log'!$M$2:$M$500,'Daily Log'!$B$2:$B$500,$A7,'Daily Log'!$F$2:$F$500,"Net India",'Daily Log'!$H$2:$H$500,"Trade estimate",'Daily Log'!$J$2:$J$500,">=2")) -> 0.071428571 | K7: =IF(A7="","",IF(I7="","Needs 2+ trade sources",IF(I7<=Lists!$E$6,"Good",IF(I7<=Lists!$E$2,"Moderate","Bad")))) -> Moderate | L7: =IF(OR(A7="",G7=""),"",IF(ABS(G7)<=Lists!$E$6,"Good (Aligned)",IF(ABS(G7)<=Lists!$E$2,"Moderate Gap","Bad (Inflated)"))) -> Bad (Inflated)
A8: =IF(Films!A8="","",Films!A8) -> Other Mommy | B8: =IF(A8="","",Films!B8) -> Other | C8: =IF(A8="","",Films!C8) -> 46304 | D8: =IF(A8="","",IF(COUNTIFS('Daily Log'!$B$2:$B$500,A8)=0,"",_xlfn.MAXIFS('Daily Log'!$D$2:$D$500,'Daily Log'!$B$2:$B$500,A8))) -> 7 | E8: =IF(A8="","",IFERROR(AVERAGEIFS('Daily Log'!$E$2:$E$500,'Daily Log'!$B$2:$B$500,$A8,'Daily Log'!$F$2:$F$500,"Net India",'Daily Log'!$D$2:$D$500,1,'Daily Log'!$H$2:$H$500,"Trade estimate"),IFERROR(AVERAGEIFS('Daily Log'!$E$2:$E$500,'Daily Log'!$B$2:$B$500,$A8,'Daily Log'!$F$2:$F$500,"Net India",'Daily Log'!$D$2:$D$500,D8,'Daily Log'!$H$2:$H$500,"Trade estimate"),""))) -> 0.33 | F8: =IF(A8="","",IFERROR(AVERAGEIFS('Daily Log'!$E$2:$E$500,'Daily Log'!$B$2:$B$500,$A8,'Daily Log'!$F$2:$F$500,"Net India",'Daily Log'!$D$2:$D$500,1,'Daily Log'!$H$2:$H$500,"Producer-reported"),IFERROR(AVERAGEIFS('Daily Log'!$E$2:$E$500,'Daily Log'!$B$2:$B$500,$A8,'Daily Log'!$F$2:$F$500,"Net India",'Daily Log'!$D$2:$D$500,D8,'Daily Log'!$H$2:$H$500,"Producer-reported"),""))) -> 0.36 | G8: =IF(OR(E8="",F8=""),"",IF(E8=0,"",F8/E8-1)) -> 0.090909091 | H8: =IF(OR(A8="",D8=""),"",IFERROR(AVERAGEIFS('Daily Log'!$E$2:$E$500,'Daily Log'!$B$2:$B$500,$A8,'Daily Log'!$F$2:$F$500,"Net India",'Daily Log'!$D$2:$D$500,D8,'Daily Log'!$H$2:$H$500,"Trade estimate"),"")) -> 0.33 | I8: =IF(A8="","",IF(COUNTIFS('Daily Log'!$B$2:$B$500,$A8,'Daily Log'!$F$2:$F$500,"Net India",'Daily Log'!$H$2:$H$500,"Trade estimate",'Daily Log'!$J$2:$J$500,">=2")=0,"",AVERAGEIFS('Daily Log'!$M$2:$M$500,'Daily Log'!$B$2:$B$500,$A8,'Daily Log'!$F$2:$F$500,"Net India",'Daily Log'!$H$2:$H$500,"Trade estimate",'Daily Log'!$J$2:$J$500,">=2"))) -> 0.046334788 | J8: =IF(I8="","",_xlfn.MAXIFS('Daily Log'!$M$2:$M$500,'Daily Log'!$B$2:$B$500,$A8,'Daily Log'!$F$2:$F$500,"Net India",'Daily Log'!$H$2:$H$500,"Trade estimate",'Daily Log'!$J$2:$J$500,">=2")) -> 0.0625 | K8: =IF(A8="","",IF(I8="","Needs 2+ trade sources",IF(I8<=Lists!$E$6,"Good",IF(I8<=Lists!$E$2,"Moderate","Bad")))) -> Good | L8: =IF(OR(A8="",G8=""),"",IF(ABS(G8)<=Lists!$E$6,"Good (Aligned)",IF(ABS(G8)<=Lists!$E$2,"Moderate Gap","Bad (Inflated)"))) -> Moderate Gap
A9: =IF(Films!A9="","",Films!A9) -> Prahaar - The Ujjwal Nikam Story | B9: =IF(A9="","",Films!B9) -> Hindi | C9: =IF(A9="","",Films!C9) -> 46311 | D9: =IF(A9="","",IF(COUNTIFS('Daily Log'!$B$2:$B$500,A9)=0,"",_xlfn.MAXIFS('Daily Log'!$D$2:$D$500,'Daily Log'!$B$2:$B$500,A9))) -> 1 | E9: =IF(A9="","",IFERROR(AVERAGEIFS('Daily Log'!$E$2:$E$500,'Daily Log'!$B$2:$B$500,$A9,'Daily Log'!$F$2:$F$500,"Net India",'Daily Log'!$D$2:$D$500,1,'Daily Log'!$H$2:$H$500,"Trade estimate"),IFERROR(AVERAGEIFS('Daily Log'!$E$2:$E$500,'Daily Log'!$B$2:$B$500,$A9,'Daily Log'!$F$2:$F$500,"Net India",'Daily Log'!$D$2:$D$500,D9,'Daily Log'!$H$2:$H$500,"Trade estimate"),""))) -> 2.2666667 | F9: =IF(A9="","",IFERROR(AVERAGEIFS('Daily Log'!$E$2:$E$500,'Daily Log'!$B$2:$B$500,$A9,'Daily Log'!$F$2:$F$500,"Net India",'Daily Log'!$D$2:$D$500,1,'Daily Log'!$H$2:$H$500,"Producer-reported"),IFERROR(AVERAGEIFS('Daily Log'!$E$2:$E$500,'Daily Log'!$B$2:$B$500,$A9,'Daily Log'!$F$2:$F$500,"Net India",'Daily Log'!$D$2:$D$500,D9,'Daily Log'!$H$2:$H$500,"Producer-reported"),""))) -> 3.1 | G9: =IF(OR(E9="",F9=""),"",IF(E9=0,"",F9/E9-1)) -> 0.36764706 | H9: =IF(OR(A9="",D9=""),"",IFERROR(AVERAGEIFS('Daily Log'!$E$2:$E$500,'Daily Log'!$B$2:$B$500,$A9,'Daily Log'!$F$2:$F$500,"Net India",'Daily Log'!$D$2:$D$500,D9,'Daily Log'!$H$2:$H$500,"Trade estimate"),"")) -> 2.2666667 | I9: =IF(A9="","",IF(COUNTIFS('Daily Log'!$B$2:$B$500,$A9,'Daily Log'!$F$2:$F$500,"Net India",'Daily Log'!$H$2:$H$500,"Trade estimate",'Daily Log'!$J$2:$J$500,">=2")=0,"",AVERAGEIFS('Daily Log'!$M$2:$M$500,'Daily Log'!$B$2:$B$500,$A9,'Daily Log'!$F$2:$F$500,"Net India",'Daily Log'!$H$2:$H$500,"Trade estimate",'Daily Log'!$J$2:$J$500,">=2"))) -> 0.16666667 | J9: =IF(I9="","",_xlfn.MAXIFS('Daily Log'!$M$2:$M$500,'Daily Log'!$B$2:$B$500,$A9,'Daily Log'!$F$2:$F$500,"Net India",'Daily Log'!$H$2:$H$500,"Trade estimate",'Daily Log'!$J$2:$J$500,">=2")) -> 0.16666667 | K9: =IF(A9="","",IF(I9="","Needs 2+ trade sources",IF(I9<=Lists!$E$6,"Good",IF(I9<=Lists!$E$2,"Moderate","Bad")))) -> Bad | L9: =IF(OR(A9="",G9=""),"",IF(ABS(G9)<=Lists!$E$6,"Good (Aligned)",IF(ABS(G9)<=Lists!$E$2,"Moderate Gap","Bad (Inflated)"))) -> Bad (Inflated)
A10: =IF(Films!A10="","",Films!A10) -> Street Fighter (Tamil) | B10: =IF(A10="","",Films!B10) -> Tamil | C10: =IF(A10="","",Films!C10) -> 46311 | D10: =IF(A10="","",IF(COUNTIFS('Daily Log'!$B$2:$B$500,A10)=0,"",_xlfn.MAXIFS('Daily Log'!$D$2:$D$500,'Daily Log'!$B$2:$B$500,A10))) -> 1 | E10: =IF(A10="","",IFERROR(AVERAGEIFS('Daily Log'!$E$2:$E$500,'Daily Log'!$B$2:$B$500,$A10,'Daily Log'!$F$2:$F$500,"Net India",'Daily Log'!$D$2:$D$500,1,'Daily Log'!$H$2:$H$500,"Trade estimate"),IFERROR(AVERAGEIFS('Daily Log'!$E$2:$E$500,'Daily Log'!$B$2:$B$500,$A10,'Daily Log'!$F$2:$F$500,"Net India",'Daily Log'!$D$2:$D$500,D10,'Daily Log'!$H$2:$H$500,"Trade estimate"),""))) -> 0.91 | F10: =IF(A10="","",IFERROR(AVERAGEIFS('Daily Log'!$E$2:$E$500,'Daily Log'!$B$2:$B$500,$A10,'Daily Log'!$F$2:$F$500,"Net India",'Daily Log'!$D$2:$D$500,1,'Daily Log'!$H$2:$H$500,"Producer-reported"),IFERROR(AVERAGEIFS('Daily Log'!$E$2:$E$500,'Daily Log'!$B$2:$B$500,$A10,'Daily Log'!$F$2:$F$500,"Net India",'Daily Log'!$D$2:$D$500,D10,'Daily Log'!$H$2:$H$500,"Producer-reported"),""))) -> 1.05 | G10: =IF(OR(E10="",F10=""),"",IF(E10=0,"",F10/E10-1)) -> 0.15384615 | H10: =IF(OR(A10="",D10=""),"",IFERROR(AVERAGEIFS('Daily Log'!$E$2:$E$500,'Daily Log'!$B$2:$B$500,$A10,'Daily Log'!$F$2:$F$500,"Net India",'Daily Log'!$D$2:$D$500,D10,'Daily Log'!$H$2:$H$500,"Trade estimate"),"")) -> 0.91 | I10: =IF(A10="","",IF(COUNTIFS('Daily Log'!$B$2:$B$500,$A10,'Daily Log'!$F$2:$F$500,"Net India",'Daily Log'!$H$2:$H$500,"Trade estimate",'Daily Log'!$J$2:$J$500,">=2")=0,"",AVERAGEIFS('Daily Log'!$M$2:$M$500,'Daily Log'!$B$2:$B$500,$A10,'Daily Log'!$F$2:$F$500,"Net India",'Daily Log'!$H$2:$H$500,"Trade estimate",'Daily Log'!$J$2:$J$500,">=2"))) -> 0.068181818 | J10: =IF(I10="","",_xlfn.MAXIFS('Daily Log'!$M$2:$M$500,'Daily Log'!$B$2:$B$500,$A10,'Daily Log'!$F$2:$F$500,"Net India",'Daily Log'!$H$2:$H$500,"Trade estimate",'Daily Log'!$J$2:$J$500,">=2")) -> 0.068181818 | K10: =IF(A10="","",IF(I10="","Needs 2+ trade sources",IF(I10<=Lists!$E$6,"Good",IF(I10<=Lists!$E$2,"Moderate","Bad")))) -> Moderate | L10: =IF(OR(A10="",G10=""),"",IF(ABS(G10)<=Lists!$E$6,"Good (Aligned)",IF(ABS(G10)<=Lists!$E$2,"Moderate Gap","Bad (Inflated)"))) -> Bad (Inflated)
A11: =IF(Films!A11="","",Films!A11) -> The Eken: Kerala-e-Kurukshetra | B11: =IF(A11="","",Films!B11) -> Bengali | C11: =IF(A11="","",Films!C11) -> 46310 | D11: =IF(A11="","",IF(COUNTIFS('Daily Log'!$B$2:$B$500,A11)=0,"",_xlfn.MAXIFS('Daily Log'!$D$2:$D$500,'Daily Log'!$B$2:$B$500,A11))) -> 2 | E11: =IF(A11="","",IFERROR(AVERAGEIFS('Daily Log'!$E$2:$E$500,'Daily Log'!$B$2:$B$500,$A11,'Daily Log'!$F$2:$F$500,"Net India",'Daily Log'!$D$2:$D$500,1,'Daily Log'!$H$2:$H$500,"Trade estimate"),IFERROR(AVERAGEIFS('Daily Log'!$E$2:$E$500,'Daily Log'!$B$2:$B$500,$A11,'Daily Log'!$F$2:$F$500,"Net India",'Daily Log'!$D$2:$D$500,D11,'Daily Log'!$H$2:$H$500,"Trade estimate"),""))) -> 0.405 | F11: =IF(A11="","",IFERROR(AVERAGEIFS('Daily Log'!$E$2:$E$500,'Daily Log'!$B$2:$B$500,$A11,'Daily Log'!$F$2:$F$500,"Net India",'Daily Log'!$D$2:$D$500,1,'Daily Log'!$H$2:$H$500,"Producer-reported"),IFERROR(AVERAGEIFS('Daily Log'!$E$2:$E$500,'Daily Log'!$B$2:$B$500,$A11,'Daily Log'!$F$2:$F$500,"Net India",'Daily Log'!$D$2:$D$500,D11,'Daily Log'!$H$2:$H$500,"Producer-reported"),""))) -> 0.48 | G11: =IF(OR(E11="",F11=""),"",IF(E11=0,"",F11/E11-1)) -> 0.18518519 | H11: =IF(OR(A11="",D11=""),"",IFERROR(AVERAGEIFS('Daily Log'!$E$2:$E$500,'Daily Log'!$B$2:$B$500,$A11,'Daily Log'!$F$2:$F$500,"Net India",'Daily Log'!$D$2:$D$500,D11,'Daily Log'!$H$2:$H$500,"Trade estimate"),"")) -> 0.34 | I11: =IF(A11="","",IF(COUNTIFS('Daily Log'!$B$2:$B$500,$A11,'Daily Log'!$F$2:$F$500,"Net India",'Daily Log'!$H$2:$H$500,"Trade estimate",'Daily Log'!$J$2:$J$500,">=2")=0,"",AVERAGEIFS('Daily Log'!$M$2:$M$500,'Daily Log'!$B$2:$B$500,$A11,'Daily Log'!$F$2:$F$500,"Net India",'Daily Log'!$H$2:$H$500,"Trade estimate",'Daily Log'!$J$2:$J$500,">=2"))) -> 0.068764569 | J11: =IF(I11="","",_xlfn.MAXIFS('Daily Log'!$M$2:$M$500,'Daily Log'!$B$2:$B$500,$A11,'Daily Log'!$F$2:$F$500,"Net India",'Daily Log'!$H$2:$H$500,"Trade estimate",'Daily Log'!$J$2:$J$500,">=2")) -> 0.076923077 | K11: =IF(A11="","",IF(I11="","Needs 2+ trade sources",IF(I11<=Lists!$E$6,"Good",IF(I11<=Lists!$E$2,"Moderate","Bad")))) -> Moderate | L11: =IF(OR(A11="",G11=""),"",IF(ABS(G11)<=Lists!$E$6,"Good (Aligned)",IF(ABS(G11)<=Lists!$E$2,"Moderate Gap","Bad (Inflated)"))) -> Bad (Inflated)
A12: =IF(Films!A12="","",Films!A12) | B12: =IF(A12="","",Films!B12) | C12: =IF(A12="","",Films!C12) | D12: =IF(A12="","",IF(COUNTIFS('Daily Log'!$B$2:$B$500,A12)=0,"",_xlfn.MAXIFS('Daily Log'!$D$2:$D$500,'Daily Log'!$B$2:$B$500,A12))) | E12: =IF(A12="","",IFERROR(AVERAGEIFS('Daily Log'!$E$2:$E$500,'Daily Log'!$B$2:$B$500,$A12,'Daily Log'!$F$2:$F$500,"Net India",'Daily Log'!$D$2:$D$500,1,'Daily Log'!$H$2:$H$500,"Trade estimate"),IFERROR(AVERAGEIFS('Daily Log'!$E$2:$E$500,'Daily Log'!$B$2:$B$500,$A12,'Daily Log'!$F$2:$F$500,"Net India",'Daily Log'!$D$2:$D$500,D12,'Daily Log'!$H$2:$H$500,"Trade estimate"),""))) | F12: =IF(A12="","",IFERROR(AVERAGEIFS('Daily Log'!$E$2:$E$500,'Daily Log'!$B$2:$B$500,$A12,'Daily Log'!$F$2:$F$500,"Net India",'Daily Log'!$D$2:$D$500,1,'Daily Log'!$H$2:$H$500,"Producer-reported"),IFERROR(AVERAGEIFS('Daily Log'!$E$2:$E$500,'Daily Log'!$B$2:$B$500,$A12,'Daily Log'!$F$2:$F$500,"Net India",'Daily Log'!$D$2:$D$500,D12,'Daily Log'!$H$2:$H$500,"Producer-reported"),""))) | G12: =IF(OR(E12="",F12=""),"",IF(E12=0,"",F12/E12-1)) | H12: =IF(OR(A12="",D12=""),"",IFERROR(AVERAGEIFS('Daily Log'!$E$2:$E$500,'Daily Log'!$B$2:$B$500,$A12,'Daily Log'!$F$2:$F$500,"Net India",'Daily Log'!$D$2:$D$500,D12,'Daily Log'!$H$2:$H$500,"Trade estimate"),"")) | I12: =IF(A12="","",IF(COUNTIFS('Daily Log'!$B$2:$B$500,$A12,'Daily Log'!$F$2:$F$500,"Net India",'Daily Log'!$H$2:$H$500,"Trade estimate",'Daily Log'!$J$2:$J$500,">=2")=0,"",AVERAGEIFS('Daily Log'!$M$2:$M$500,'Daily Log'!$B$2:$B$500,$A12,'Daily Log'!$F$2:$F$500,"Net India",'Daily Log'!$H$2:$H$500,"Trade estimate",'Daily Log'!$J$2:$J$500,">=2"))) | J12: =IF(I12="","",_xlfn.MAXIFS('Daily Log'!$M$2:$M$500,'Daily Log'!$B$2:$B$500,$A12,'Daily Log'!$F$2:$F$500,"Net India",'Daily Log'!$H$2:$H$500,"Trade estimate",'Daily Log'!$J$2:$J$500,">=2")) | K12: =IF(A12="","",IF(I12="","Needs 2+ trade sources",IF(I12<=Lists!$E$6,"Good",IF(I12<=Lists!$E$2,"Moderate","Bad")))) | L12: =IF(OR(A12="",G12=""),"",IF(ABS(G12)<=Lists!$E$6,"Good (Aligned)",IF(ABS(G12)<=Lists!$E$2,"Moderate Gap","Bad (Inflated)")))
A13: =IF(Films!A13="","",Films!A13) | B13: =IF(A13="","",Films!B13) | C13: =IF(A13="","",Films!C13) | D13: =IF(A13="","",IF(COUNTIFS('Daily Log'!$B$2:$B$500,A13)=0,"",_xlfn.MAXIFS('Daily Log'!$D$2:$D$500,'Daily Log'!$B$2:$B$500,A13))) | E13: =IF(A13="","",IFERROR(AVERAGEIFS('Daily Log'!$E$2:$E$500,'Daily Log'!$B$2:$B$500,$A13,'Daily Log'!$F$2:$F$500,"Net India",'Daily Log'!$D$2:$D$500,1,'Daily Log'!$H$2:$H$500,"Trade estimate"),IFERROR(AVERAGEIFS('Daily Log'!$E$2:$E$500,'Daily Log'!$B$2:$B$500,$A13,'Daily Log'!$F$2:$F$500,"Net India",'Daily Log'!$D$2:$D$500,D13,'Daily Log'!$H$2:$H$500,"Trade estimate"),""))) | F13: =IF(A13="","",IFERROR(AVERAGEIFS('Daily Log'!$E$2:$E$500,'Daily Log'!$B$2:$B$500,$A13,'Daily Log'!$F$2:$F$500,"Net India",'Daily Log'!$D$2:$D$500,1,'Daily Log'!$H$2:$H$500,"Producer-reported"),IFERROR(AVERAGEIFS('Daily Log'!$E$2:$E$500,'Daily Log'!$B$2:$B$500,$A13,'Daily Log'!$F$2:$F$500,"Net India",'Daily Log'!$D$2:$D$500,D13,'Daily Log'!$H$2:$H$500,"Producer-reported"),""))) | G13: =IF(OR(E13="",F13=""),"",IF(E13=0,"",F13/E13-1)) | H13: =IF(OR(A13="",D13=""),"",IFERROR(AVERAGEIFS('Daily Log'!$E$2:$E$500,'Daily Log'!$B$2:$B$500,$A13,'Daily Log'!$F$2:$F$500,"Net India",'Daily Log'!$D$2:$D$500,D13,'Daily Log'!$H$2:$H$500,"Trade estimate"),"")) | I13: =IF(A13="","",IF(COUNTIFS('Daily Log'!$B$2:$B$500,$A13,'Daily Log'!$F$2:$F$500,"Net India",'Daily Log'!$H$2:$H$500,"Trade estimate",'Daily Log'!$J$2:$J$500,">=2")=0,"",AVERAGEIFS('Daily Log'!$M$2:$M$500,'Daily Log'!$B$2:$B$500,$A13,'Daily Log'!$F$2:$F$500,"Net India",'Daily Log'!$H$2:$H$500,"Trade estimate",'Daily Log'!$J$2:$J$500,">=2"))) | J13: =IF(I13="","",_xlfn.MAXIFS('Daily Log'!$M$2:$M$500,'Daily Log'!$B$2:$B$500,$A13,'Daily Log'!$F$2:$F$500,"Net India",'Daily Log'!$H$2:$H$500,"Trade estimate",'Daily Log'!$J$2:$J$500,">=2")) | K13: =IF(A13="","",IF(I13="","Needs 2+ trade sources",IF(I13<=Lists!$E$6,"Good",IF(I13<=Lists!$E$2,"Moderate","Bad")))) | L13: =IF(OR(A13="",G13=""),"",IF(ABS(G13)<=Lists!$E$6,"Good (Aligned)",IF(ABS(G13)<=Lists!$E$2,"Moderate Gap","Bad (Inflated)")))
... A100: =IF(Films!A100="","",Films!A100) | B100: =IF(A100="","",Films!B100) | C100: =IF(A100="","",Films!C100) | D100: =IF(A100="","",IF(COUNTIFS('Daily Log'!$B$2:$B$500,A100)=0,"",_xlfn.MAXIFS('Daily Log'!$D$2:$D$500,'Daily Log'!$B$2:$B$500,A100))) | E100: =IF(A100="","",IFERROR(AVERAGEIFS('Daily Log'!$E$2:$E$500,'Daily Log'!$B$2:$B$500,$A100,'Daily Log'!$F$2:$F$500,"Net India",'Daily Log'!$D$2:$D$500,1,'Daily Log'!$H$2:$H$500,"Trade estimate"),IFERROR(AVERAGEIFS('Daily Log'!$E$2:$E$500,'Daily Log'!$B$2:$B$500,$A100,'Daily Log'!$F$2:$F$500,"Net India",'Daily Log'!$D$2:$D$500,D100,'Daily Log'!$H$2:$H$500,"Trade estimate"),""))) | F100: =IF(A100="","",IFERROR(AVERAGEIFS('Daily Log'!$E$2:$E$500,'Daily Log'!$B$2:$B$500,$A100,'Daily Log'!$F$2:$F$500,"Net India",'Daily Log'!$D$2:$D$500,1,'Daily Log'!$H$2:$H$500,"Producer-reported"),IFERROR(AVERAGEIFS('Daily Log'!$E$2:$E$500,'Daily Log'!$B$2:$B$500,$A100,'Daily Log'!$F$2:$F$500,"Net India",'Daily Log'!$D$2:$D$500,D100,'Daily Log'!$H$2:$H$500,"Producer-reported"),""))) | G100: =IF(OR(E100="",F100=""),"",IF(E100=0,"",F100/E100-1)) | H100: =IF(OR(A100="",D100=""),"",IFERROR(AVERAGEIFS('Daily Log'!$E$2:$E$500,'Daily Log'!$B$2:$B$500,$A100,'Daily Log'!$F$2:$F$500,"Net India",'Daily Log'!$D$2:$D$500,D100,'Daily Log'!$H$2:$H$500,"Trade estimate"),"")) | I100: =IF(A100="","",IF(COUNTIFS('Daily Log'!$B$2:$B$500,$A100,'Daily Log'!$F$2:$F$500,"Net India",'Daily Log'!$H$2:$H$500,"Trade estimate",'Daily Log'!$J$2:$J$500,">=2")=0,"",AVERAGEIFS('Daily Log'!$M$2:$M$500,'Daily Log'!$B$2:$B$500,$A100,'Daily Log'!$F$2:$F$500,"Net India",'Daily Log'!$H$2:$H$500,"Trade estimate",'Daily Log'!$J$2:$J$500,">=2"))) | J100: =IF(I100="","",_xlfn.MAXIFS('Daily Log'!$M$2:$M$500,'Daily Log'!$B$2:$B$500,$A100,'Daily Log'!$F$2:$F$500,"Net India",'Daily Log'!$H$2:$H$500,"Trade estimate",'Daily Log'!$J$2:$J$500,">=2")) | K100: =IF(A100="","",IF(I100="","Needs 2+ trade sources",IF(I100<=Lists!$E$6,"Good",IF(I100<=Lists!$E$2,"Moderate","Bad")))) | L100: =IF(OR(A100="",G100=""),"",IF(ABS(G100)<=Lists!$E$6,"Good (Aligned)",IF(ABS(G100)<=Lists!$E$2,"Moderate Gap","Bad (Inflated)")))

Sheet Lists
A1: Gross Basis | B1: Figure Type | C1: Language | E1: Disagreement threshold (Bad)
A2: Net India | B2: Trade estimate | C2: Hindi | E2: 0.1
A3: Gross India | B3: Producer-reported | C3: Telugu | E3: Spread > 10% across trade sites is flagged as Bad / CHECK.
A4: Worldwide | B4: Confirmed actual | C4: Tamil
C5: Malayalam | E5: Good consistency threshold
C6: Kannada | E6: 0.05
C7: Bengali | E7: Spread <= 5% is rated Good; 5%-10% is rated Moderate; > 10% is rated Bad.
C8: Marathi
C9: Punjabi
C10: Other
